0;12;15;18;37;41;45;47;51;55;65;69;70;72;73;75;77;82;84;87;88;89;92;97;101;102;106;111
Database Foundations: Administration;Course;;;Show more options for Database Foundations: Administration;;;Save;;;2h 7m;;;Beginner;;;Mar 2021;;;;;;LinkedIn;;By: Adam Wilbert;;;
Advance Your Database Administration Skills;Learning Path;;;Show more options for Advance Your Database Administration Skills;;;Save;;;22h;;;;Updated 5 days ago;;;;;;LinkedIn;;;;;;;
MySQL Database Administration;Course;New;;;Show more options for MySQL Database Administration;;;Save;;;;6h 53m;;;;Beginner;1 week ago;;;;;;LinkedIn;;;By: John Pauler and Maven Analytics;
Oracle Database 12c: Administration;Course;;;Show more options for Oracle Database 12c: Administration;;;Save;;;3h 58m;;;Beginner + Intermediate;;;Nov 2016;;;;;;LinkedIn;;By: David Yahalom;;;
SQL Server Integration Services;Course;;;Show more options for SQL Server Integration Services;;;Save;;;2h 28m;;;Advanced;;;Updated Aug 2023;;;;;;LinkedIn;;By: Adam Wilbert;;;
SQL Server: Reporting Services;Course;;;Show more options for SQL Server: Reporting Services;;;Save;;;3h 30m;;;Advanced;;;Jul 2019;;;;;;LinkedIn;;By: Adam Wilbert;;;
Oracle Autonomous Database Administration Workshop;Course;;;Show more options for Oracle Autonomous Database Administration Workshop;;;Save;;;7h 54m;;;Intermediate;;;Aug 2023;;;;;;LinkedIn;;By: Oracle University;;;
SQL Server 2022 Administration;Course;;;Show more options for SQL Server 2022 Administration;;;Save;;;12h;;;Beginner;;;Jun 2023;;;;;;LinkedIn;;By: Microsoft Press and Eric Johnson;;;
Database Modernization;Course;;;Show more options for Database Modernization;;;Save;;;1h 28m;;;Beginner;;;Aug 2021;;;;;;LinkedIn;;By: David Yahalom;;;
Oracle Base Database Services Professional Workshop;Course;Popular;;;Show more options for Oracle Base Database Services Professional Workshop;;;Save;;;;7h 43m;;;;Advanced;Aug 2023;;;;;;LinkedIn;;;By: Oracle University;
Learning Oracle Database 19c;Course;;;Show more options for Learning Oracle Database 19c;;;Save;;;2h 7m;;;Beginner;;;Updated Dec 2023;;;;;;LinkedIn;;By: Bob Bryla;;;
Database Foundations: Database Management;Course;;;Show more options for Database Foundations: Database Management;;;Save;;;2h 14m;;;Beginner;;;Updated Jan 2024;;;;;;LinkedIn;;By: Adam Wilbert;;;
SQL Server: Reporting Services;Course;New;;;Show more options for SQL Server: Reporting Services;;;Save;;;;3h 42m;;;;Advanced;6 days ago;;;;;;LinkedIn;;;By: Adam Wilbert;
Microsoft SQL Server 2022 Essential Training;Course;Popular;;;Show more options for Microsoft SQL Server 2022 Essential Training;;;Save;;;;5h 23m;;;;Beginner;Updated Apr 2023;;;;;;LinkedIn;;;By: Adam Wilbert;
Advanced MySQL Database Administration;Course;New;;;Show more options for Advanced MySQL Database Administration;;;Save;;;;7h 51m;;;;Advanced;1 week ago;;;;;;LinkedIn;;;By: John Pauler and Maven Analytics;
Learning Oracle Database 12c;Course;;;Show more options for Learning Oracle Database 12c;;;Save;;;2h 57m;;;Beginner + Intermediate;;;Mar 2017;;;;;;LinkedIn;;By: Bob Bryla;;;
Database Foundations: Application Development;Course;;;Show more options for Database Foundations: Application Development;;;Save;;;1h 49m;;;Intermediate;;;May 2021;;;;;;LinkedIn;;By: Adam Wilbert;;;
Designing Highly Scalable and Highly Available SQL Databases;Course;;;Show more options for Designing Highly Scalable and Highly Available SQL Databases;;;Save;;;2h 39m;;;Advanced;;;Nov 2020;;;;;;LinkedIn;;By: Dan Sullivan;;;
IBM Certified Cloud Professional Site Reliability Engineer;Learning Path;;;Show more options for IBM Certified Cloud Professional Site Reliability Engineer;;;Save;;;;Aug 2022;;;;;;;IBM;;;;;;;;;
SQL for Finance: Income Statement Project;Course;Updated;Popular;;;Show more options for SQL for Finance: Income Statement Project;;;Save;;;;;;2h 20m;;Intermediate;;Updated 4 weeks ago;;;;;;LinkedIn;;By: Gabriela Baldivia Soncini
SQL for Healthcare Professionals;Course;;;Show more options for SQL for Healthcare Professionals;;;Save;;;2h 11m;;;Intermediate;;;1 month ago;;;;;;LinkedIn;;By: Thais Cooke;;;
Practical Database Design: Implementing Responsible Data Solutions with SQL Querying;Course;;;Show more options for Practical Database Design: Implementing Responsible Data Solutions with SQL Querying;;;Save;;;2h 15m;;;Intermediate;;;3 months ago;;;;;;LinkedIn;;By: Dr. Brandeis Marshall;;;
Advanced SQL Project: Design and Manage a Database;Course;Popular;;;Show more options for Advanced SQL Project: Design and Manage a Database;;;Save;;;;2h 24m;;;;Advanced;1 month ago;;;;;;LinkedIn;;;By: Walter Shields;
Querying Microsoft SQL Server 2022;Course;;;Show more options for Querying Microsoft SQL Server 2022;;;Save;;;4h 28m;;;Intermediate;;;Oct 2022;;;;;;LinkedIn;;By: Adam Wilbert;;;
Azure Database Administrator Associate (DP-300) Cert Prep: 1 The Azure Data Platform;Course;;;Show more options for Azure Database Administrator Associate (DP-300) Cert Prep: 1 The Azure Data Platform;;;Save;;;2h 29m;;;Intermediate;;;Updated Feb 2024;;;;;;LinkedIn;;By: Adam Wilbert;;;
Learning Microsoft SQL Server 2022;Course;Updated;;;Show more options for Learning Microsoft SQL Server 2022;;;Save;;;;1h 43m;;;;Beginner;Updated 1 month ago;;;;;;LinkedIn;;;By: Adam Wilbert;
Oracle Database 12c: Security;Course;;;Show more options for Oracle Database 12c: Security;;;Save;;;3h 40m;;;Intermediate;;;Nov 2017;;;;;;LinkedIn;;By: David Yahalom;;;
PowerShell for SQL Server Administration;Course;;;Show more options for PowerShell for SQL Server Administration;;;Save;;;2h;;;Intermediate;;;Jun 2019;;;;;;LinkedIn;;By: Denny Cherry;;;
Intermediate SQL for Data Scientists;Course;Popular;;;Show more options for Intermediate SQL for Data Scientists;;;Save;;;;2h 38m;;;;Intermediate;Jul 2021;;;;;;LinkedIn;;;By: Dan Sullivan;
SQL Server Data Tools for Visual Studio;Course;;;Show more options for SQL Server Data Tools for Visual Studio;;;Save;;;2h 54m;;;Intermediate;;;Nov 2021;;;;;;LinkedIn;;By: Walt Ritscher;;;
Advanced SQL: Logical Query Processing, Part 1;Course;;;Show more options for Advanced SQL: Logical Query Processing, Part 1;;;Save;;;1h 38m;;;Advanced;;;Mar 2020;;;;;;LinkedIn;;By: Ami Levin;;;
IBM Certified Cloud Professional Architect;Learning Path;;;Show more options for IBM Certified Cloud Professional Architect;;;Save;;;;Aug 2022;;;;;;;IBM;;;;;;;;;
Azure Database Administrator Associate (DP-300) Cert Prep: 3 High Availability and Disaster Recovery in Azure Data Services;Course;;;Show more options for Azure Database Administrator Associate (DP-300) Cert Prep: 3 High Availability and Disaster Recovery in Azure Data Services;;;Save;;;1h 7m;;;Intermediate;;;Updated Feb 2024;;;;;;LinkedIn;;By: Adam Wilbert;;;
Data Engineering Foundations Professional Certificate by Astronomer;Professional Certificate;;;Show more options for Data Engineering Foundations Professional Certificate by Astronomer;;;Save;;;11h;;;;Updated 1 month ago;;;;;;;Provided by Astronomer and LinkedIn;;;;;;
Azure Database Administrator Associate (DP-300) Cert Prep: 2 Azure Data Optimization and Automation;Course;;;Show more options for Azure Database Administrator Associate (DP-300) Cert Prep: 2 Azure Data Optimization and Automation;;;Save;;;1h 52m;;;Intermediate;;;Updated Feb 2024;;;;;;LinkedIn;;By: Adam Wilbert;;;
Designing Database Solutions for SQL Server 2016;Course;;;Show more options for Designing Database Solutions for SQL Server 2016;;;Save;;;3h 14m;;;Advanced;;;Feb 2017;;;;;;LinkedIn;;By: Adam Wilbert;;;
Complete Guide to Oracle Database 23ai: From Beginner to Advanced;Course;;;Show more options for Complete Guide to Oracle Database 23ai: From Beginner to Advanced;;;Save;;;5h 18m;;;Advanced;;;3 months ago;;;;;;LinkedIn;;By: Kellyn Gorman;;;
Microsoft Copilot for Azure SQL Database;Course;Popular;;;Show more options for Microsoft Copilot for Azure SQL Database;;;Save;;;;22m;;;;Intermediate;1 month ago;;;;;;LinkedIn;;;By: Scott Simpson;
Microsoft SQL Server 2016: Installation and Administration;Course;;;Show more options for Microsoft SQL Server 2016: Installation and Administration;;;Save;;;2h 35m;;;Beginner + Intermediate;;;Nov 2016;;;;;;LinkedIn;;By: Gerry O'Brien;;;
Complete Guide to SQL for Data Engineering: from Beginner to Advanced;Course;Popular;;;Show more options for Complete Guide to SQL for Data Engineering: from Beginner to Advanced;;;Save;;;;7h 11m;;;;Intermediate;4 months ago;;;;;;LinkedIn;;;By: Deepak Goyal;
From Excel to SQL;Course;;;Show more options for From Excel to SQL;;;Save;;;1h 24m;;;Beginner;;;Feb 2021;;;;;;LinkedIn;;By: Madecraft and James Parkin;;;
SQL Queries Made Easy;Course;Updated;;;Show more options for SQL Queries Made Easy;;;Save;;;;1h 2m;;;;Beginner;Updated 1 week ago;;;;;;LinkedIn;;;By: Deepa Maddala;
Oracle Database 19c: Advanced SQL;Course;;;Show more options for Oracle Database 19c: Advanced SQL;;;Save;;;2h 3m;;;Advanced;;;Updated Feb 2024;;;;;;LinkedIn;;By: Bob Bryla;;;
Getting Started with SQL Server Ledger;Course;;;Show more options for Getting Started with SQL Server Ledger;;;Save;;;54m;;;Advanced;;;Apr 2023;;;;;;LinkedIn;;By: Adam Wilbert;;;
SQL Server 2016: Administer a Database Infrastructure;Course;;;Show more options for SQL Server 2016: Administer a Database Infrastructure;;;Save;;;5h 28m;;;Intermediate;;;Aug 2017;;;;;;LinkedIn;;By: Adam Wilbert;;;
Oracle Database 12c: Basic SQL;Course;;;Show more options for Oracle Database 12c: Basic SQL;;;Save;;;3h 12m;;;Beginner + Intermediate;;;Jan 2018;;;;;;LinkedIn;;By: David Yahalom;;;
MySQL Installation and Configuration;Course;;;Show more options for MySQL Installation and Configuration;;;Save;;;1h 20m;;;Intermediate;;;Mar 2024;;;;;;LinkedIn;;By: Bill Weinman;;;
Oracle Database 12c: Backup and Recovery;Course;;;Show more options for Oracle Database 12c: Backup and Recovery;;;Save;;;3h 44m;;;Intermediate;;;Oct 2017;;;;;;LinkedIn;;By: David Yahalom;;;
Learning Microsoft SQL Server 2019;Course;Updated;;;Show more options for Learning Microsoft SQL Server 2019;;;Save;;;;1h 27m;;;;Beginner;Updated 1 month ago;;;;;;LinkedIn;;;By: Adam Wilbert;
SQL Practice: Intermediate Queries;Course;Popular;;;Show more options for SQL Practice: Intermediate Queries;;;Save;;;;11m;;;;Intermediate;Sep 2023;;;;;;LinkedIn;;;By: Scott Simpson;
Oracle Database 19c: Multitenant Architecture;Course;;;Show more options for Oracle Database 19c: Multitenant Architecture;;;Save;;;1h 34m;;;Intermediate;;;Updated Feb 2024;;;;;;LinkedIn;;By: Bob Bryla;;;
SQL for Testers;Course;Popular;;;Show more options for SQL for Testers;;;Save;;;;1h 33m;;;;Beginner;Updated Feb 2024;;;;;;LinkedIn;;;By: Dave Westerveld;
SQL Server Machine Learning Services: Python;Course;;;Show more options for SQL Server Machine Learning Services: Python;;;Save;;;2h 31m;;;Advanced;;;Updated Dec 2023;;;;;;LinkedIn;;By: Adam Wilbert;;;
Oracle Database 19c: PL/SQL;Course;;;Show more options for Oracle Database 19c: PL/SQL;;;Save;;;1h 47m;;;Advanced;;;Updated Feb 2024;;;;;;LinkedIn;;By: Bob Bryla;;;
Oracle Database 19c: Basic SQL;Course;;;Show more options for Oracle Database 19c: Basic SQL;;;Save;;;3h 35m;;;Intermediate;;;Updated Dec 2023;;;;;;LinkedIn;;By: Bob Bryla;;;
Microsoft SQL Server 2019 Essential Training;Course;Popular;;;Show more options for Microsoft SQL Server 2019 Essential Training;;;Save;;;;4h 24m;;;;Beginner;Updated Dec 2023;;;;;;LinkedIn;;;By: Adam Wilbert;
Advanced SQL for Data Scientists;Course;;;Show more options for Advanced SQL for Data Scientists;;;Save;;;2h 30m;;;Advanced;;;May 2021;;;;;;LinkedIn;;By: Dan Sullivan;;;
Level Up: Advanced SQL;Course;Popular;;;Show more options for Level Up: Advanced SQL;;;Save;;;;37m;;;;Advanced;Mar 2023;;;;;;LinkedIn;;;By: Jess Pomfret;
SQL Server Management Enabled by Azure Arc;Course;;;Show more options for SQL Server Management Enabled by Azure Arc;;;Save;;;33m;;;Advanced;;;4 months ago;;;;;;LinkedIn;;By: Ben Weissman;;;
ChatGPT and SQL;Course;;;Show more options for ChatGPT and SQL;;;Save;;;1h 23m;;;Intermediate;;;4 months ago;;;;;;LinkedIn;;By: John Pauler and Maven Analytics;;;
Oracle Database 12c: Advanced SQL;Course;;;Show more options for Oracle Database 12c: Advanced SQL;;;Save;;;2h 36m;;;Intermediate;;;Mar 2018;;;;;;LinkedIn;;By: David Yahalom;;;
SQL Server Fundamentals: Master Basic Query Techniques;Course;Popular;;;Show more options for SQL Server Fundamentals: Master Basic Query Techniques;;;Save;;;;1h 30m;;;;Beginner;Updated Feb 2024;;;;;;LinkedIn;;;By: Julianne Thouin;
Introduction to Transact-SQL;Course;;;Show more options for Introduction to Transact-SQL;;;Save;;;1h 3m;;;Beginner;;;Oct 2023;;;;;;LinkedIn;;By: Jess Pomfret;;;
Complete Guide to Advanced SQL Server;Course;;;Show more options for Complete Guide to Advanced SQL Server;;;Save;;;8h 27m;;;Advanced;;;2 months ago;;;;;;LinkedIn;;By: Adam Wilbert;;;
Implementing a Data Warehouse with SQL Server 2022;Course;;;Show more options for Implementing a Data Warehouse with SQL Server 2022;;;Save;;;2h 36m;;;Intermediate;;;Jan 2023;;;;;;LinkedIn;;By: Adam Wilbert;;;
Microsoft SQL Server 2016 Essential Training;Course;;;Show more options for Microsoft SQL Server 2016 Essential Training;;;Save;;;3h 18m;;;Beginner + Intermediate;;;Nov 2016;;;;;;LinkedIn;;By: Martin Guidry;;;
Developing Microsoft SQL Server 2016 Databases;Course;;;Show more options for Developing Microsoft SQL Server 2016 Databases;;;Save;;;4h 5m;;;Advanced;;;Dec 2016;;;;;;LinkedIn;;By: Adam Wilbert;;;
Complete Your First Project in SQL;Course;;;Show more options for Complete Your First Project in SQL;;;Save;;;1h 17m;;;Intermediate;;;Mar 2024;;;;;;LinkedIn;;By: Megan Silvey;;;
SQL for Finance Professionals;Course;Updated;Popular;;;Show more options for SQL for Finance Professionals;;;Save;;;;;;1h 6m;;Beginner;;Updated 1 month ago;;;;;;LinkedIn;;By: Megan Lieu
SQL for Statistics Essential Training;Course;;;Show more options for SQL for Statistics Essential Training;;;Save;;;49m;;;Intermediate;;;Mar 2018;;;;;;LinkedIn;;By: Dan Sullivan;;;
Querying Microsoft SQL Server 2019;Course;;;Show more options for Querying Microsoft SQL Server 2019;;;Save;;;2h 41m;;;Intermediate;;;Nov 2019;;;;;;LinkedIn;;By: Adam Wilbert;;;
SQL for Data Analysis;Course;Popular;;;Show more options for SQL for Data Analysis;;;Save;;;;1h 10m;;;;Intermediate;Jul 2023;;;;;;LinkedIn;;;By: Nikiya Simpson;
Hands-On Data Science using SQL, Tableau, Python, and Spark;Course;Popular;;;Show more options for Hands-On Data Science using SQL, Tableau, Python, and Spark;;;Save;;;;1h 13m;;;;Intermediate;Mar 2024;;;;;;LinkedIn;;;By: Ben Sullins and Free the Data Academy;
Advanced SQL for Application Development;Course;;;Show more options for Advanced SQL for Application Development;;;Save;;;2h 7m;;;Advanced;;;Updated Apr 2024;;;;;;LinkedIn;;By: Dan Sullivan;;;
Advanced SQL for Query Tuning and Performance Optimization;Course;Popular;;;Show more options for Advanced SQL for Query Tuning and Performance Optimization;;;Save;;;;2h 9m;;;;Advanced;Oct 2023;;;;;;LinkedIn;;;By: Dan Sullivan;
SQL Server Performance for Developers;Course;;;Show more options for SQL Server Performance for Developers;;;Save;;;3h 44m;;;Beginner + Intermediate;;;Apr 2018;;;;;;LinkedIn;;By: Joey D'Antoni;;;
SQL for Exploratory Data Analysis Essential Training;Course;;;Show more options for SQL for Exploratory Data Analysis Essential Training;;;Save;;;44m;;;Beginner;;;Jun 2018;;;;;;LinkedIn;;By: Dan Sullivan;;;
SQL: Data Reporting and Analysis;Course;Popular;;;Show more options for SQL: Data Reporting and Analysis;;;Save;;;;2h 32m;;;;Intermediate;Jul 2022;;;;;;LinkedIn;;;By: Emma Saunders;
SQL Server 2008 Essential Training;Course;;;Show more options for SQL Server 2008 Essential Training;;;Save;;;6h 54m;;;Beginner + Intermediate;;;Dec 2010;;;;;;LinkedIn;;By: Simon Allardice;;;
Implementing a Data Warehouse SQL Server 2019;Course;;;Show more options for Implementing a Data Warehouse SQL Server 2019;;;Save;;;2h 7m;;;Intermediate;;;Oct 2019;;;;;;LinkedIn;;By: Adam Wilbert;;;
Introduction to Spark SQL and DataFrames;Course;;;Show more options for Introduction to Spark SQL and DataFrames;;;Save;;;1h 54m;;;Intermediate;;;Updated Apr 2024;;;;;;LinkedIn;;By: Dan Sullivan;;;
Microsoft Azure Cosmos DB Developer Specialty (DP-420) Cert Prep: 5 Maintain an Azure Cosmos DB Solution by Microsoft Press;Course;Updated;;;Show more options for Microsoft Azure Cosmos DB Developer Specialty (DP-420) Cert Prep: 5 Maintain an Azure Cosmos DB Solution by Microsoft Press;;;Save;;;;2h 11m;;;;Advanced;Updated 1 month ago;;;;;;LinkedIn;;;By: Microsoft Press and Tim Warner;
Using SQL with Python;Course;;;Show more options for Using SQL with Python;;;Save;;;1h 39m;;;Intermediate;;;Jul 2021;;;;;;LinkedIn;;By: Bill Weinman;;;
SQL Server Machine Learning Services: R;Course;Updated;;;Show more options for SQL Server Machine Learning Services: R;;;Save;;;;2h 20m;;;;Advanced;Updated 1 month ago;;;;;;LinkedIn;;;By: Adam Wilbert;
Introduction to SAP BI/BW;Course;;;Show more options for Introduction to SAP BI/BW;;;Save;;;1h 18m;;;Intermediate;;;May 2020;;;;;;LinkedIn;;By: Michael Management;;;
SQL for Non-Programmers;Course;Popular;;;Show more options for SQL for Non-Programmers;;;Save;;;;2h 50m;;;;Beginner;Jan 2024;;;;;;LinkedIn;;;By: Christina Stathopoulos;
Understand SQL: Explore the Power and Versatility of the SQL Database Language;Course;Popular;;;Show more options for Understand SQL: Explore the Power and Versatility of the SQL Database Language;;;Save;;;;27m;;;;Beginner;Sep 2022;;;;;;LinkedIn;;;By: Christina Stathopoulos;
DBeaver Essential Training;Course;Updated;Popular;;;Show more options for DBeaver Essential Training;;;Save;;;;;;3h 24m;;Intermediate;;Updated 1 month ago;;;;;;LinkedIn;;By: Adam Wilbert
ETL in Python and SQL;Course;Popular;;;Show more options for ETL in Python and SQL;;;Save;;;;1h 20m;;;;Intermediate;Mar 2024;;;;;;LinkedIn;;;By: Jennifer Ebe;
Learning SQL Server 2017;Course;Updated;;;Show more options for Learning SQL Server 2017;;;Save;;;;1h 29m;;;;Beginner;Updated 1 month ago;;;;;;LinkedIn;;;By: Adam Wilbert;
Learning SQL Programming;Course;Popular;;;Show more options for Learning SQL Programming;;;Save;;;;1h 48m;;;;Beginner;Updated Dec 2023;;;;;;LinkedIn;;;By: Scott Simpson;
SQL Practice: Basic Queries;Course;Popular;;;Show more options for SQL Practice: Basic Queries;;;Save;;;;17m;;;;Beginner;Sep 2023;;;;;;LinkedIn;;;By: David Gassner;
SAP BI/BW: Project Design and Implementation;Course;;;Show more options for SAP BI/BW: Project Design and Implementation;;;Save;;;3h 16m;;;Intermediate;;;May 2020;;;;;;LinkedIn;;By: Michael Management;;;
Finding New Career Paths with SQL;Course;;;Show more options for Finding New Career Paths with SQL;;;Save;;;43m;;;Beginner;;;Oct 2021;;;;;;LinkedIn;;By: Nikiya Simpson;;;
Top Five Things to Know in Advanced SQL;Course;;;Show more options for Top Five Things to Know in Advanced SQL;;;Save;;;1h 35m;;;Advanced;;;Aug 2023;;;;;;LinkedIn;;By: Kendall Ruber;;;
Advanced SQL: Logical Query Processing, Part 2;Course;;;Show more options for Advanced SQL: Logical Query Processing, Part 2;;;Save;;;2h 2m;;;Advanced;;;Sep 2020;;;;;;LinkedIn;;By: Ami Levin;;;
Practice It: Advanced SQL;Course;;;Show more options for Practice It: Advanced SQL;;;Save;;;27m;;;Advanced;;;Mar 2024;;;;;;LinkedIn;;By: Kedeisha Bryan;;;
Implementing a Data Warehouse with Microsoft SQL Server 2012;Course;;;Show more options for Implementing a Data Warehouse with Microsoft SQL Server 2012;;;Save;;;3h 6m;;;Intermediate;;;Mar 2014;;;;;;LinkedIn;;By: Martin Guidry;;;
SQL Server 2014 Essential Training;Course;;;Show more options for SQL Server 2014 Essential Training;;;Save;;;3h 51m;;;Beginner;;;Jun 2015;;;;;;LinkedIn;;By: Martin Guidry;;;
Microsoft SQL Server 2016: Query Data;Course;;;Show more options for Microsoft SQL Server 2016: Query Data;;;Save;;;4h 41m;;;Beginner + Intermediate;;;Jan 2017;;;;;;LinkedIn;;By: Gerry O'Brien;;;
Choose the Right Tool for Your Data: Python, R, or SQL;Course;;;Show more options for Choose the Right Tool for Your Data: Python, R, or SQL;;;Save;;;1h 7m;;;Beginner;;;Sep 2022;;;;;;LinkedIn;;By: Megan Lieu;;;
SAS® 9.4 Cert Prep: Part 07 Using SQL in SAS;Course;;;Show more options for SAS® 9.4 Cert Prep: Part 07 Using SQL in SAS;;;Save;;;16m;;;Intermediate;;;Jan 2020;;;;;;LinkedIn;;By: SAS Institute;;;
SQL Essential Training;Course;Popular;;;Show more options for SQL Essential Training;;;Save;;;;4h 34m;;;;Beginner;Updated 4 months ago;;;;;;LinkedIn;;;By: Walter Shields;
Practice It: SQL Joins;Course;;;Show more options for Practice It: SQL Joins;;;Save;;;56m;;;Intermediate;;;Nov 2022;;;;;;LinkedIn;;By: Nikiya Simpson;;;
Level Up: SQL;Course;;;Show more options for Level Up: SQL;;;Save;;;1h 4m;;;Intermediate;;;Nov 2022;;;;;;LinkedIn;;By: Scott Simpson;;;
SQL Server Database Triggers;Course;;;Show more options for SQL Server Database Triggers;;;Save;;;1h 39m;;;Advanced;;;Aug 2020;;;;;;LinkedIn;;By: Adam Wilbert;;;
Quick Start Guide to SQL;Course;Updated;Popular;;;Show more options for Quick Start Guide to SQL;;;Save;;;;;;1h 28m;;Beginner;;Updated 1 week ago;;;;;;LinkedIn;;By: Deepa Maddala
Automating SQL Server with dbatools;Course;;;Show more options for Automating SQL Server with dbatools;;;Save;;;58m;;;Intermediate;;;Nov 2022;;;;;;LinkedIn;;By: Jess Pomfret;;;
Advanced SQL: Solving Interpolation Challenges;Course;Updated;;;Show more options for Advanced SQL: Solving Interpolation Challenges;;;Save;;;;1h 26m;;;;Advanced;Updated 2 weeks ago;;;;;;LinkedIn;;;By: Ami Levin;
Explore a Career in SQL Development;Learning Path;;;Show more options for Explore a Career in SQL Development;;;Save;;;14h;;;;Updated 1 week ago;;;;;;LinkedIn;;;;;;;
Introduction to Couchbase;Course;;;Show more options for Introduction to Couchbase;;;Save;;;1h 11m;;;Beginner;;;Updated Feb 2024;;;;;;LinkedIn;;By: Michelle Burns;;;
Intermediate SQL: Data Reporting and Analysis;Course;;;Show more options for Intermediate SQL: Data Reporting and Analysis;;;Save;;;2h 11m;;;Intermediate;;;Nov 2022;;;;;;LinkedIn;;By: Emma Saunders;;;
Using SQL with C++;Course;;;Show more options for Using SQL with C++;;;Save;;;1h 27m;;;Intermediate;;;Aug 2021;;;;;;LinkedIn;;By: Bill Weinman;;;
Advanced SQL for Data Science: Time Series;Course;Popular;;;Show more options for Advanced SQL for Data Science: Time Series;;;Save;;;;1h 20m;;;;Advanced;Updated Mar 2024;;;;;;LinkedIn;;;By: Dan Sullivan;
Data Engineering: dbt for SQL;Course;;;Show more options for Data Engineering: dbt for SQL;;;Save;;;1h 31m;;;Advanced;;;Sep 2023;;;;;;LinkedIn;;By: Vinoo Ganesh;;;
Introduction to SQL Using Google BigQuery;Course;;;Show more options for Introduction to SQL Using Google BigQuery;;;Save;;;3h 20m;;;Intermediate;;;Jan 2024;;;;;;LinkedIn;;By: Danny Ma;;;
SQL Hands-On Practice: Solve Business Problems;Course;Popular;;;Show more options for SQL Hands-On Practice: Solve Business Problems;;;Save;;;;2h 8m;;;;Intermediate;Sep 2023;;;;;;LinkedIn;;;By: Jess Ramos;
Advanced SQL: High Performance Relational Divisions;Course;Updated;;;Show more options for Advanced SQL: High Performance Relational Divisions;;;Save;;;;1h 45m;;;;Advanced;Updated 1 month ago;;;;;;LinkedIn;;;By: Ami Levin;
Advanced  SQL – Window Functions;Course;Updated;Popular;;;Show more options for Advanced  SQL – Window Functions;;;Save;;;;;;2h 6m;;Advanced;;Updated 2 weeks ago;;;;;;LinkedIn;;By: Ami Levin
SQL Hands-On Practice;Learning Path;;;Show more options for SQL Hands-On Practice;;;Save;;;7h 40m;;;;Updated Apr 2024;;;;;;LinkedIn;;;;;;;
SQL Server: Security for Developers;Course;;;Show more options for SQL Server: Security for Developers;;;Save;;;1h 27m;;;Beginner;;;Sep 2018;;;;;;LinkedIn;;By: Joey D'Antoni;;;
SQL Practice: Window Functions;Course;;;Show more options for SQL Practice: Window Functions;;;Save;;;12m;;;Advanced;;;Sep 2023;;;;;;LinkedIn;;By: Scott Simpson;;;
Coding Exercises: SQL Data Science;Course;Updated;Popular;;;Show more options for Coding Exercises: SQL Data Science;;;Save;;;;;;1h 30m;;Intermediate;;Updated 2 weeks ago;;;;;;LinkedIn;;By: Harshit Tyagi
SQL Server Intelligence: Cracking the Code of Enterprise Data;Course;;;Show more options for SQL Server Intelligence: Cracking the Code of Enterprise Data;;;Save;;;2h 15m;;;Beginner;;;Updated 4 months ago;;;;;;LinkedIn;;By: Walter Shields;;;
Nano Tips for Acing Your SQL Interview with Nick Singh;Course;;;Show more options for Nano Tips for Acing Your SQL Interview with Nick Singh;;;Save;;;12m;;;General;;;Oct 2023;;;;;;LinkedIn;;By: Nick Singh;;;
SQL vs. NoSQL: Which Database Type Is Right for You?;Course;;;Show more options for SQL vs. NoSQL: Which Database Type Is Right for You?;;;Save;;;26m;;;Intermediate;;;Oct 2022;;;;;;LinkedIn;;By: David Jones-Gilardi;;;
Master SQL Development;Learning Path;;;Show more options for Master SQL Development;;;Save;;;14h;;;;Updated 2 weeks ago;;;;;;LinkedIn;;;;;;;
Deploy SQL Server on Linux, Containers, and Kubernetes;Course;;;Show more options for Deploy SQL Server on Linux, Containers, and Kubernetes;;;Save;;;56m;;;Intermediate;;;Oct 2023;;;;;;LinkedIn;;By: Ben Weissman;;;
Data Analysis: Investigate with SQL;Course;;;Show more options for Data Analysis: Investigate with SQL;;;Save;;;53m;;;Beginner;;;Apr 2023;;;;;;LinkedIn;;By: Walter Shields;;;
Nail Your SQL Interview;Course;;;Show more options for Nail Your SQL Interview;;;Save;;;1h;;;Beginner;;;Apr 2022;;;;;;LinkedIn;;By: Nichole Pulley;;;
Hands-On Introduction: SQL;Course;;;Show more options for Hands-On Introduction: SQL;;;Save;;;1h 19m;;;Intermediate;;;Updated Apr 2024;;;;;;LinkedIn;;By: Deepa Maddala;;;
Complete Guide to AI and Data Science for SQL Developers: From Beginner to Advanced;Course;Popular;;;Show more options for Complete Guide to AI and Data Science for SQL Developers: From Beginner to Advanced;;;Save;;;;5h 22m;;;;Advanced;Updated 4 months ago;;;;;;LinkedIn;;;By: Walter Shields;
Data Engineering Hands-On Practice;Learning Path;;;Show more options for Data Engineering Hands-On Practice;;;Save;;;19h;;;;Updated 1 week ago;;;;;;LinkedIn;;;;;;;
SQL Weekly Tips;Course;;;Show more options for SQL Weekly Tips;;;Save;;;2h 54m;;;Beginner;;;Updated Jun 2023;;;;;;LinkedIn;;By: Mark Niemann-Ross;;;
Advance Your Skills in SQL;Learning Path;;;Show more options for Advance Your Skills in SQL;;;Save;;;6h 55m;;;;Updated Nov 2023;;;;;;LinkedIn;;;;;;;
SQL Tips and Tricks for Data Science;Course;Popular;;;Show more options for SQL Tips and Tricks for Data Science;;;Save;;;;59m;;;;Intermediate;Updated Dec 2021;;;;;;LinkedIn;;;By: Ben Sullins;
Prepare for the AWS Certified Database - Specialty (DBS-C01) Exam;Learning Path;;;Show more options for Prepare for the AWS Certified Database - Specialty (DBS-C01) Exam;;;Save;;;7h 56m;;;;Updated May 2021;;;;;;LinkedIn;;;;;;;
Prepare for the Azure Database Administrator Associate (DP-300) Certification;Learning Path;;;Show more options for Prepare for the Azure Database Administrator Associate (DP-300) Certification;;;Save;;;5h 30m;;;;Updated Feb 2024;;;;;;LinkedIn;;;;;;;
Master SQL for Data Science;Learning Path;;;Show more options for Master SQL for Data Science;;;Save;;;12h;;;;Updated 2 months ago;;;;;;LinkedIn;;;;;;;
